nose_x,nose_y,left_shoulder_x,left_shoulder_y,right_shoulder_x,right_shoulder_y,left_elbow_x,left_elbow_y,right_elbow_x,right_elbow_y,left_wrist_x,left_wrist_y,right_wrist_x,right_wrist_y,left_hip_x,left_hip_y,right_hip_x,right_hip_y,label
0.0,0.0,536.5,127.1484375,111.375,87.890625,645.5,451.875,9.0,414.140625,507.25,410.625,109.5,402.65625,438.75,763.125,152.25,752.34375,1
0.0,0.0,525.0,127.5,88.75,91.875,629.0,457.96875,-7.0,423.046875,477.5,409.921875,88.25,405.703125,430.5,763.125,135.75,755.15625,1
0.0,0.0,511.25,124.1015625,0.0,0.0,609.0,459.609375,-16.5,411.09375,445.25,407.8125,59.25,405.703125,419.75,757.5,114.5,751.875,1
0.0,0.0,500.0,126.328125,0.0,0.0,593.5,461.953125,0.0,0.0,420.0,406.640625,0.0,0.0,409.5,766.40625,102.5,765.9375,1
0.0,0.0,482.0,124.21875,0.0,0.0,575.5,471.328125,0.0,0.0,399.5,409.21875,0.0,0.0,378.0,771.09375,80.5,765.46875,1
0.0,0.0,467.5,126.09375,0.0,0.0,557.0,471.796875,0.0,0.0,374.25,420.46875,0.0,0.0,349.75,764.0625,67.25,751.875,1
0.0,0.0,455.75,124.6875,0.0,0.0,535.5,476.25,0.0,0.0,349.75,423.984375,0.0,0.0,334.25,759.375,57.5,742.96875,1
0.0,0.0,439.5,125.0390625,0.0,0.0,516.0,478.125,0.0,0.0,333.75,431.015625,0.0,0.0,317.0,774.375,48.0,757.5,1
0.0,0.0,423.5,122.8125,0.0,0.0,503.25,486.5625,0.0,0.0,322.0,435.703125,0.0,0.0,305.25,766.875,40.25,750.0,1
0.0,0.0,415.25,122.4609375,0.0,0.0,488.5,498.75,0.0,0.0,305.5,438.515625,0.0,0.0,306.25,786.09375,34.5,770.625,1
0.0,0.0,403.5,123.3984375,0.0,0.0,477.75,504.375,0.0,0.0,280.25,430.78125,0.0,0.0,303.5,786.09375,36.25,772.5,1
0.0,0.0,393.5,123.28125,0.0,0.0,466.25,501.09375,0.0,0.0,278.0,435.46875,0.0,0.0,305.75,795.46875,40.5,788.90625,1
0.0,0.0,387.5,120.234375,0.0,0.0,460.0,499.6875,0.0,0.0,268.75,439.21875,0.0,0.0,298.0,797.8125,0.0,0.0,1
0.0,0.0,380.0,112.96875,0.0,0.0,458.0,501.09375,0.0,0.0,264.0,443.4375,0.0,0.0,281.75,800.625,0.0,0.0,1
0.0,0.0,376.5,109.453125,0.0,0.0,453.75,502.5,0.0,0.0,248.375,438.515625,0.0,0.0,276.75,813.75,0.0,0.0,1
0.0,0.0,374.5,106.875,0.0,0.0,452.5,502.03125,0.0,0.0,250.5,440.15625,0.0,0.0,283.0,813.28125,0.0,0.0,1
0.0,0.0,372.5,103.125,0.0,0.0,452.5,499.6875,0.0,0.0,239.625,444.375,0.0,0.0,278.5,807.1875,0.0,0.0,1
0.0,0.0,375.0,104.53125,0.0,0.0,455.25,498.75,0.0,0.0,252.625,450.0,0.0,0.0,278.5,810.9375,0.0,0.0,1
0.0,0.0,380.5,103.828125,0.0,0.0,462.0,501.5625,0.0,0.0,251.5,452.8125,0.0,0.0,283.0,820.3125,0.0,0.0,1
0.0,0.0,384.5,104.53125,0.0,0.0,466.75,504.375,0.0,0.0,250.0,455.15625,0.0,0.0,282.75,823.125,0.0,0.0,1
0.0,0.0,389.5,107.109375,0.0,0.0,469.5,510.46875,0.0,0.0,251.25,458.203125,0.0,0.0,279.5,821.25,0.0,0.0,1
0.0,0.0,400.0,111.796875,0.0,0.0,472.75,514.6875,0.0,0.0,251.5,463.828125,0.0,0.0,279.0,827.34375,0.0,0.0,1
0.0,0.0,407.0,112.96875,0.0,0.0,474.5,520.3125,0.0,0.0,258.0,468.984375,0.0,0.0,277.0,825.0,0.0,0.0,1
0.0,0.0,416.5,117.421875,0.0,0.0,480.0,524.0625,0.0,0.0,260.75,475.546875,0.0,0.0,276.0,828.28125,0.0,0.0,1
0.0,0.0,420.0,116.25,0.0,0.0,480.75,526.40625,0.0,0.0,262.5,476.015625,0.0,0.0,277.5,821.71875,0.0,0.0,1
0.0,0.0,430.5,117.65625,0.0,0.0,484.0,533.4375,0.0,0.0,259.5,477.1875,0.0,0.0,288.0,823.125,0.0,0.0,1
0.0,0.0,432.0,115.546875,0.0,0.0,488.25,538.125,0.0,0.0,254.375,478.125,0.0,0.0,300.5,824.53125,0.0,0.0,1
0.0,0.0,439.25,118.59375,0.0,0.0,488.5,543.75,0.0,0.0,256.0,486.5625,0.0,0.0,302.75,835.3125,0.0,0.0,1
0.0,0.0,442.25,117.65625,0.0,0.0,491.25,548.90625,0.0,0.0,260.75,496.875,0.0,0.0,309.5,829.21875,0.0,0.0,1
0.0,0.0,448.5,121.640625,0.0,0.0,495.0,555.0,0.0,0.0,287.25,517.96875,0.0,0.0,303.5,834.375,0.0,0.0,1
0.0,0.0,455.5,121.875,0.0,0.0,496.5,548.4375,0.0,0.0,324.25,537.65625,0.0,0.0,318.0,829.6875,0.0,0.0,1
0.0,0.0,454.0,123.046875,0.0,0.0,496.0,543.75,0.0,0.0,334.75,551.25,0.0,0.0,309.5,832.5,0.0,0.0,1
0.0,0.0,455.25,128.3203125,0.0,0.0,490.0,548.90625,0.0,0.0,337.0,555.9375,0.0,0.0,305.75,825.9375,0.0,0.0,1
0.0,0.0,455.0,126.6796875,0.0,0.0,478.0,523.59375,0.0,0.0,360.75,577.96875,0.0,0.0,289.75,806.71875,0.0,0.0,1
0.0,0.0,449.75,136.40625,0.0,0.0,469.25,523.125,0.0,0.0,375.75,591.5625,0.0,0.0,267.75,820.3125,0.0,0.0,1
0.0,0.0,445.75,139.6875,0.0,0.0,461.25,510.0,0.0,0.0,379.75,598.125,0.0,0.0,253.375,802.5,0.0,0.0,1
0.0,0.0,440.5,141.9140625,0.0,0.0,452.0,528.75,0.0,0.0,370.5,606.5625,0.0,0.0,264.0,790.3125,0.0,0.0,1
0.0,0.0,435.25,145.546875,0.0,0.0,438.25,525.0,0.0,0.0,360.5,618.28125,0.0,0.0,232.0,817.5,0.0,0.0,1
0.0,0.0,427.0,146.71875,0.0,0.0,425.0,478.59375,0.0,0.0,349.5,638.4375,0.0,0.0,237.125,790.3125,0.0,0.0,1
0.0,0.0,423.5,153.75,0.0,0.0,413.75,546.09375,0.0,0.0,328.25,655.3125,0.0,0.0,229.875,802.96875,0.0,0.0,1
0.0,0.0,410.5,153.6328125,0.0,0.0,401.0,542.8125,0.0,0.0,319.5,662.34375,0.0,0.0,212.125,818.4375,0.0,0.0,1
0.0,0.0,406.0,156.5625,0.0,0.0,384.25,531.09375,0.0,0.0,313.75,664.6875,0.0,0.0,196.75,831.5625,0.0,0.0,1
0.0,0.0,399.5,154.21875,0.0,0.0,374.75,467.34375,0.0,0.0,311.0,671.25,0.0,0.0,200.75,828.75,0.0,0.0,1
0.0,0.0,391.75,159.0234375,0.0,0.0,366.0,454.21875,0.0,0.0,304.0,678.75,0.0,0.0,191.25,822.1875,0.0,0.0,1
0.0,0.0,385.0,158.0859375,0.0,0.0,359.5,445.78125,0.0,0.0,303.25,681.5625,0.0,0.0,166.0,830.15625,0.0,0.0,1
0.0,0.0,378.5,164.765625,0.0,0.0,357.0,475.3125,0.0,0.0,299.0,692.8125,0.0,0.0,172.875,842.8125,0.0,0.0,1
0.0,0.0,371.0,159.375,0.0,0.0,356.0,460.78125,0.0,0.0,296.75,697.96875,0.0,0.0,165.0,840.9375,0.0,0.0,1
0.0,0.0,366.0,160.78125,0.0,0.0,355.0,463.125,0.0,0.0,292.25,705.9375,0.0,0.0,174.375,836.25,0.0,0.0,1
0.0,0.0,364.0,162.1875,0.0,0.0,351.75,467.8125,0.0,0.0,292.0,706.875,0.0,0.0,162.0,819.375,0.0,0.0,1
0.0,0.0,359.5,160.546875,0.0,0.0,350.0,466.40625,0.0,0.0,293.0,712.5,0.0,0.0,163.75,822.1875,0.0,0.0,1
0.0,0.0,355.25,158.671875,0.0,0.0,349.0,466.171875,0.0,0.0,294.5,716.25,0.0,0.0,156.25,823.59375,0.0,0.0,1
0.0,0.0,350.75,158.203125,0.0,0.0,347.0,466.171875,0.0,0.0,293.0,717.1875,0.0,0.0,164.0,815.625,0.0,0.0,1
0.0,0.0,347.25,156.5625,0.0,0.0,342.0,468.984375,0.0,0.0,290.0,718.59375,0.0,0.0,158.5,823.125,0.0,0.0,1
0.0,0.0,346.0,157.5,0.0,0.0,339.25,468.515625,0.0,0.0,288.75,720.0,0.0,0.0,147.5,816.5625,0.0,0.0,1
0.0,0.0,344.5,160.546875,0.0,0.0,338.75,470.390625,0.0,0.0,287.75,717.1875,0.0,0.0,154.0,810.0,0.0,0.0,1
0.0,0.0,341.25,160.78125,0.0,0.0,335.75,474.140625,0.0,0.0,286.75,717.65625,0.0,0.0,139.0,791.25,0.0,0.0,1
0.0,0.0,342.25,162.890625,0.0,0.0,335.0,478.359375,0.0,0.0,284.0,718.125,0.0,0.0,144.25,784.21875,0.0,0.0,1
0.0,0.0,337.25,162.1875,0.0,0.0,332.5,468.75,0.0,0.0,286.0,718.125,0.0,0.0,147.375,780.9375,0.0,0.0,1
0.0,0.0,334.5,162.1875,0.0,0.0,331.5,473.671875,0.0,0.0,286.0,717.65625,0.0,0.0,145.5,783.75,0.0,0.0,1
0.0,0.0,331.75,164.0625,0.0,0.0,329.5,487.96875,0.0,0.0,286.75,718.59375,0.0,0.0,138.0,781.40625,0.0,0.0,1
0.0,0.0,331.0,162.65625,0.0,0.0,332.0,480.0,0.0,0.0,286.0,723.75,0.0,0.0,150.25,804.375,0.0,0.0,1
0.0,0.0,329.75,162.65625,0.0,0.0,330.5,467.578125,0.0,0.0,287.5,723.75,0.0,0.0,146.75,801.5625,0.0,0.0,1
0.0,0.0,329.5,163.59375,0.0,0.0,330.5,470.859375,0.0,0.0,286.0,726.09375,0.0,0.0,153.25,780.9375,0.0,0.0,1
0.0,0.0,326.25,163.828125,0.0,0.0,329.75,471.796875,0.0,0.0,288.5,729.375,0.0,0.0,146.5,784.6875,0.0,0.0,1
0.0,0.0,325.0,165.9375,0.0,0.0,329.0,472.03125,0.0,0.0,286.75,731.71875,0.0,0.0,141.625,788.90625,0.0,0.0,1
0.0,0.0,324.5,159.140625,0.0,0.0,327.5,458.90625,0.0,0.0,286.5,730.3125,0.0,0.0,149.875,764.0625,0.0,0.0,1
0.0,0.0,322.25,161.71875,0.0,0.0,328.75,464.53125,0.0,0.0,283.75,731.71875,0.0,0.0,154.5,769.6875,0.0,0.0,1
0.0,0.0,323.25,162.421875,0.0,0.0,329.25,465.0,0.0,0.0,283.0,731.71875,0.0,0.0,153.25,765.0,0.0,0.0,1
0.0,0.0,319.5,162.1875,0.0,0.0,329.75,469.921875,0.0,0.0,283.5,733.125,0.0,0.0,149.5,761.71875,0.0,0.0,1
0.0,0.0,319.75,164.0625,0.0,0.0,327.0,477.65625,0.0,0.0,282.75,735.0,0.0,0.0,148.5,767.34375,0.0,0.0,1
0.0,0.0,319.0,161.25,0.0,0.0,326.0,477.1875,0.0,0.0,282.0,736.40625,0.0,0.0,151.25,777.1875,0.0,0.0,1
0.0,0.0,319.0,161.953125,0.0,0.0,324.25,470.625,0.0,0.0,282.0,732.1875,0.0,0.0,148.5,770.625,0.0,0.0,1
0.0,0.0,316.0,159.84375,0.0,0.0,322.25,466.640625,0.0,0.0,282.75,731.25,0.0,0.0,146.625,774.375,0.0,0.0,1
0.0,0.0,314.75,161.71875,0.0,0.0,324.0,467.34375,0.0,0.0,278.0,741.5625,0.0,0.0,146.0,795.0,0.0,0.0,1
0.0,0.0,313.0,160.546875,0.0,0.0,322.25,470.15625,0.0,0.0,280.75,741.09375,0.0,0.0,149.5,808.125,0.0,0.0,1
0.0,0.0,315.0,165.0,0.0,0.0,324.5,478.125,0.0,0.0,278.5,744.84375,0.0,0.0,153.75,813.75,0.0,0.0,1
0.0,0.0,311.5,161.484375,0.0,0.0,321.25,467.578125,0.0,0.0,280.5,741.5625,0.0,0.0,155.25,808.59375,0.0,0.0,1
0.0,0.0,313.5,161.484375,0.0,0.0,321.5,461.71875,0.0,0.0,281.0,746.25,0.0,0.0,150.875,816.09375,0.0,0.0,1
0.0,0.0,313.0,159.84375,0.0,0.0,321.0,457.03125,0.0,0.0,283.0,739.6875,0.0,0.0,156.5,804.375,0.0,0.0,1
0.0,0.0,312.0,160.3125,0.0,0.0,321.75,461.484375,0.0,0.0,284.0,742.03125,0.0,0.0,155.5,792.1875,0.0,0.0,1
0.0,0.0,312.75,158.90625,0.0,0.0,321.75,459.84375,0.0,0.0,286.0,741.09375,0.0,0.0,157.75,810.0,0.0,0.0,1
0.0,0.0,311.5,160.546875,0.0,0.0,323.0,465.9375,0.0,0.0,285.0,742.96875,0.0,0.0,153.75,801.5625,0.0,0.0,1
0.0,0.0,311.5,161.484375,0.0,0.0,322.25,462.65625,0.0,0.0,286.5,742.5,0.0,0.0,150.125,794.0625,0.0,0.0,1
0.0,0.0,310.0,161.015625,0.0,0.0,322.75,468.984375,0.0,0.0,288.25,744.375,0.0,0.0,147.75,813.75,0.0,0.0,1
0.0,0.0,311.5,159.609375,0.0,0.0,322.5,461.71875,0.0,0.0,289.25,740.625,0.0,0.0,149.0,822.1875,0.0,0.0,1
0.0,0.0,311.0,157.734375,0.0,0.0,323.25,463.59375,0.0,0.0,291.0,741.5625,0.0,0.0,143.5,826.875,0.0,0.0,1
0.0,0.0,313.5,165.0,0.0,0.0,329.0,486.5625,0.0,0.0,292.5,744.375,0.0,0.0,148.5,841.40625,0.0,0.0,1
0.0,0.0,312.25,159.84375,0.0,0.0,327.0,474.375,0.0,0.0,295.5,740.15625,0.0,0.0,151.0,837.65625,0.0,0.0,1
0.0,0.0,309.5,155.625,0.0,0.0,328.0,470.15625,0.0,0.0,300.75,732.1875,0.0,0.0,142.5,828.75,0.0,0.0,1
0.0,0.0,310.0,155.859375,0.0,0.0,328.5,470.15625,0.0,0.0,305.75,724.21875,0.0,0.0,147.75,823.59375,0.0,0.0,1
0.0,0.0,312.25,163.125,0.0,0.0,339.25,500.15625,0.0,0.0,310.0,726.5625,0.0,0.0,153.25,830.15625,0.0,0.0,1
0.0,0.0,309.5,162.421875,0.0,0.0,351.75,531.5625,0.0,0.0,312.5,726.5625,0.0,0.0,158.5,836.25,0.0,0.0,1
0.0,0.0,310.0,170.625,0.0,0.0,356.0,543.28125,0.0,0.0,319.0,732.1875,0.0,0.0,177.0,821.25,0.0,0.0,1
0.0,0.0,314.5,171.4453125,0.0,0.0,366.25,591.5625,0.0,0.0,321.75,742.5,0.0,0.0,173.0,812.8125,0.0,0.0,1
0.0,0.0,308.5,162.890625,0.0,0.0,354.0,513.28125,0.0,0.0,341.25,731.25,0.0,0.0,178.75,787.96875,0.0,0.0,1
0.0,0.0,313.75,173.3203125,0.0,0.0,366.0,579.375,0.0,0.0,345.25,745.3125,0.0,0.0,157.375,814.21875,0.0,0.0,1
0.0,0.0,312.0,172.265625,0.0,0.0,369.0,602.34375,0.0,0.0,348.75,764.53125,0.0,0.0,167.75,823.125,0.0,0.0,1
0.0,0.0,310.75,176.015625,0.0,0.0,371.5,597.1875,0.0,0.0,353.25,780.46875,0.0,0.0,178.625,822.1875,0.0,0.0,1
0.0,0.0,307.25,178.59375,0.0,0.0,372.0,597.1875,0.0,0.0,362.5,795.46875,0.0,0.0,188.75,821.25,0.0,0.0,1
0.0,0.0,311.0,178.125,0.0,0.0,374.0,575.625,0.0,0.0,369.5,788.4375,0.0,0.0,202.25,821.25,0.0,0.0,1
0.0,0.0,311.0,179.53125,0.0,0.0,375.25,574.6875,0.0,0.0,372.75,803.90625,0.0,0.0,192.5,835.3125,0.0,0.0,1
0.0,0.0,313.25,183.984375,0.0,0.0,380.5,589.21875,0.0,0.0,373.0,820.78125,0.0,0.0,202.375,855.9375,0.0,0.0,1
0.0,0.0,313.5,184.453125,0.0,0.0,380.75,588.75,0.0,0.0,377.0,819.375,0.0,0.0,198.125,859.6875,0.0,0.0,1
0.0,0.0,315.75,187.96875,0.0,0.0,385.0,601.40625,0.0,0.0,384.0,832.5,0.0,0.0,201.375,868.59375,0.0,0.0,1
0.0,0.0,319.0,192.65625,0.0,0.0,385.75,602.34375,0.0,0.0,386.25,832.5,0.0,0.0,202.25,860.625,0.0,0.0,1
0.0,0.0,320.75,192.1875,0.0,0.0,386.0,602.8125,0.0,0.0,392.0,853.59375,0.0,0.0,200.75,852.65625,0.0,0.0,1
0.0,0.0,323.75,195.0,0.0,0.0,386.25,597.65625,0.0,0.0,392.5,852.65625,0.0,0.0,204.75,860.625,0.0,0.0,1
0.0,0.0,326.25,194.53125,0.0,0.0,386.5,592.03125,0.0,0.0,398.5,855.9375,0.0,0.0,196.875,860.15625,0.0,0.0,1
0.0,0.0,324.75,194.765625,0.0,0.0,389.75,608.90625,0.0,0.0,401.75,864.84375,0.0,0.0,185.625,863.4375,0.0,0.0,1
0.0,0.0,326.25,196.40625,0.0,0.0,391.0,614.0625,0.0,0.0,404.25,870.9375,0.0,0.0,182.875,872.8125,0.0,0.0,1
0.0,0.0,329.0,197.8125,0.0,0.0,394.25,616.875,0.0,0.0,402.5,876.5625,0.0,0.0,196.875,880.3125,0.0,0.0,1
0.0,0.0,330.0,199.21875,0.0,0.0,397.0,622.03125,0.0,0.0,399.75,883.59375,0.0,0.0,198.25,879.375,0.0,0.0,1
0.0,0.0,329.0,196.875,0.0,0.0,397.0,621.09375,0.0,0.0,400.5,890.625,0.0,0.0,195.5,878.90625,0.0,0.0,1
0.0,0.0,330.25,197.578125,0.0,0.0,396.0,618.75,0.0,0.0,399.5,894.375,0.0,0.0,189.25,878.4375,0.0,0.0,1
0.0,0.0,332.0,199.21875,0.0,0.0,395.0,618.75,0.0,0.0,401.0,894.375,0.0,0.0,196.5,889.6875,0.0,0.0,1
0.0,0.0,335.75,200.859375,0.0,0.0,394.5,618.75,0.0,0.0,400.0,892.03125,0.0,0.0,191.75,881.25,0.0,0.0,1
0.0,0.0,335.0,200.15625,0.0,0.0,395.0,622.03125,0.0,0.0,399.5,892.5,0.0,0.0,187.75,887.8125,0.0,0.0,1
0.0,0.0,336.75,202.5,0.0,0.0,394.0,611.25,0.0,0.0,400.0,892.96875,0.0,0.0,183.75,874.6875,0.0,0.0,1
0.0,0.0,339.0,202.265625,0.0,0.0,394.5,613.59375,0.0,0.0,400.5,897.65625,0.0,0.0,192.5,881.25,0.0,0.0,1
0.0,0.0,342.0,201.796875,0.0,0.0,394.25,615.0,0.0,0.0,400.0,900.9375,0.0,0.0,190.75,892.5,0.0,0.0,1
0.0,0.0,439.5,121.9921875,0.0,0.0,680.0,493.59375,0.0,0.0,665.5,379.453125,0.0,0.0,315.75,733.59375,0.0,0.0,1
0.0,0.0,436.25,120.9375,0.0,0.0,682.5,483.75,0.0,0.0,650.0,344.53125,0.0,0.0,301.75,797.8125,0.0,0.0,1
0.0,0.0,424.5,109.6875,0.0,0.0,684.0,471.796875,0.0,0.0,623.5,309.609375,0.0,0.0,308.25,808.125,0.0,0.0,1
0.0,0.0,405.5,99.609375,0.0,0.0,684.0,453.75,0.0,0.0,620.0,308.4375,0.0,0.0,286.0,801.5625,0.0,0.0,1
0.0,0.0,394.75,93.046875,0.0,0.0,682.5,438.28125,0.0,0.0,611.5,300.0,0.0,0.0,274.5,810.0,0.0,0.0,1
0.0,0.0,384.5,88.828125,0.0,0.0,688.0,416.25,0.0,0.0,591.0,279.375,0.0,0.0,274.25,805.3125,0.0,0.0,1
0.0,0.0,376.5,70.78125,0.0,0.0,663.5,345.9375,0.0,0.0,565.0,275.625,0.0,0.0,289.5,795.0,0.0,0.0,1
0.0,0.0,375.108024691358,70.90277777777777,0.0,0.0,604.0,275.625,0.0,0.0,546.5,258.28125,0.0,0.0,295.5,786.5625,0.0,0.0,1
0.0,0.0,373.71604938271605,71.02430555555556,0.0,0.0,510.0,190.78125,0.0,0.0,509.25,216.09375,0.0,0.0,280.5,774.375,0.0,0.0,1
0.0,0.0,372.3240740740741,71.14583333333333,0.0,0.0,551.5,223.0078125,0.0,0.0,538.0,262.5,0.0,0.0,281.5,785.15625,0.0,0.0,1
0.0,0.0,370.9320987654321,71.26736111111111,0.0,0.0,512.0,183.28125,0.0,0.0,551.0,263.90625,0.0,0.0,263.0,775.78125,0.0,0.0,1
0.0,0.0,369.5401234567901,71.38888888888889,0.0,0.0,521.0,179.0625,0.0,0.0,549.0,268.125,0.0,0.0,260.5,780.9375,0.0,0.0,1
0.0,0.0,368.14814814814815,71.51041666666667,0.0,0.0,553.0,190.3125,0.0,0.0,554.0,277.96875,0.0,0.0,267.25,787.5,0.0,0.0,1
0.0,0.0,366.7561728395062,71.63194444444444,0.0,0.0,499.25,164.0625,0.0,0.0,557.0,259.6875,0.0,0.0,262.5,781.40625,0.0,0.0,1
0.0,0.0,365.3641975308642,71.75347222222223,0.0,0.0,482.5,150.46875,0.0,0.0,583.0,265.3125,0.0,0.0,260.5,783.75,0.0,0.0,1
0.0,0.0,363.97222222222223,71.875,0.0,0.0,469.5,157.8515625,0.0,0.0,592.0,263.4375,0.0,0.0,270.0,776.25,0.0,0.0,1
0.0,0.0,362.58024691358025,71.99652777777777,0.0,0.0,464.75,151.0546875,0.0,0.0,606.5,267.890625,0.0,0.0,264.5,775.78125,0.0,0.0,1
0.0,0.0,361.1882716049383,72.11805555555556,0.0,0.0,465.75,150.1171875,0.0,0.0,612.5,294.375,0.0,0.0,262.5,764.0625,0.0,0.0,1
0.0,0.0,359.7962962962963,72.23958333333333,0.0,0.0,483.0,148.59375,0.0,0.0,613.5,299.53125,0.0,0.0,256.5,764.0625,0.0,0.0,1
0.0,0.0,358.40432098765433,72.36111111111111,0.0,0.0,482.0,148.59375,0.0,0.0,601.0,291.5625,0.0,0.0,251.625,770.15625,0.0,0.0,1
0.0,0.0,357.01234567901236,72.48263888888889,0.0,0.0,457.25,136.40625,0.0,0.0,598.0,296.71875,0.0,0.0,257.0,780.0,0.0,0.0,1
0.0,0.0,355.6203703703704,72.60416666666667,0.0,0.0,440.75,140.2734375,0.0,0.0,595.0,301.40625,0.0,0.0,259.5,780.9375,0.0,0.0,1
0.0,0.0,354.2283950617284,72.72569444444444,0.0,0.0,457.5,133.59375,0.0,0.0,580.0,324.375,0.0,0.0,255.0,779.53125,0.0,0.0,1
0.0,0.0,352.83641975308643,72.84722222222223,0.0,0.0,452.5,136.9921875,0.0,0.0,579.5,337.5,0.0,0.0,253.5,790.3125,0.0,0.0,1
0.0,0.0,351.44444444444446,72.96875,0.0,0.0,472.5,146.3671875,0.0,0.0,565.0,369.140625,0.0,0.0,241.75,780.0,0.0,0.0,1
0.0,0.0,350.0524691358025,73.09027777777777,0.0,0.0,463.25,143.3203125,0.0,0.0,584.5,338.203125,0.0,0.0,245.5,780.0,0.0,0.0,1
0.0,0.0,348.6604938271605,73.21180555555556,0.0,0.0,436.5,134.6484375,0.0,0.0,594.5,327.65625,0.0,0.0,251.25,776.71875,0.0,0.0,1
0.0,0.0,347.26851851851853,73.33333333333333,0.0,0.0,443.5,139.3359375,0.0,0.0,591.0,341.71875,0.0,0.0,249.0,771.5625,0.0,0.0,1
0.0,0.0,345.87654320987656,73.45486111111111,0.0,0.0,444.0,141.6796875,0.0,0.0,584.5,343.59375,0.0,0.0,251.125,787.5,0.0,0.0,1
0.0,0.0,344.4845679012346,73.57638888888889,0.0,0.0,471.25,153.6328125,0.0,0.0,564.5,372.421875,0.0,0.0,256.0,800.15625,0.0,0.0,1
0.0,0.0,343.0925925925926,73.69791666666667,0.0,0.0,509.5,170.7421875,0.0,0.0,558.0,369.84375,0.0,0.0,260.0,809.53125,0.0,0.0,1
0.0,0.0,341.70061728395063,73.81944444444444,0.0,0.0,516.0,174.4921875,0.0,0.0,557.5,383.4375,0.0,0.0,244.25,770.15625,0.0,0.0,1
0.0,0.0,340.30864197530866,73.94097222222223,0.0,0.0,518.0,165.0,0.0,0.0,567.0,383.4375,0.0,0.0,247.0,799.6875,0.0,0.0,1
0.0,0.0,338.9166666666667,74.0625,0.0,0.0,477.5,162.3046875,0.0,0.0,553.5,384.140625,0.0,0.0,251.75,803.90625,0.0,0.0,1
0.0,0.0,337.5246913580247,74.18402777777777,0.0,0.0,475.75,153.75,0.0,0.0,552.0,391.640625,0.0,0.0,247.75,818.4375,0.0,0.0,1
0.0,0.0,336.13271604938274,74.30555555555556,0.0,0.0,511.75,164.0625,0.0,0.0,532.0,420.0,0.0,0.0,248.0,816.5625,0.0,0.0,1
0.0,0.0,334.74074074074076,74.42708333333333,0.0,0.0,496.25,158.4375,0.0,0.0,530.5,421.875,0.0,0.0,248.625,820.78125,0.0,0.0,1
0.0,0.0,333.3487654320988,74.54861111111111,0.0,0.0,524.5,181.7578125,0.0,0.0,533.5,417.1875,0.0,0.0,243.25,814.21875,0.0,0.0,1
0.0,0.0,331.9567901234568,74.67013888888889,0.0,0.0,546.0,192.3046875,0.0,0.0,524.0,437.8125,0.0,0.0,242.75,828.75,0.0,0.0,1
0.0,0.0,330.56481481481484,74.79166666666667,0.0,0.0,493.0,166.9921875,0.0,0.0,523.5,432.65625,0.0,0.0,240.25,817.5,0.0,0.0,1
0.0,0.0,329.17283950617286,74.91319444444444,0.0,0.0,503.25,161.71875,0.0,0.0,527.5,432.65625,0.0,0.0,240.5,827.8125,0.0,0.0,1
0.0,0.0,327.7808641975309,75.03472222222223,0.0,0.0,472.25,159.4921875,0.0,0.0,525.0,429.140625,0.0,0.0,238.25,819.375,0.0,0.0,1
0.0,0.0,326.3888888888889,75.15625,0.0,0.0,463.5,150.46875,0.0,0.0,527.0,428.4375,0.0,0.0,243.5,816.5625,0.0,0.0,1
0.0,0.0,324.99691358024694,75.27777777777777,0.0,0.0,484.5,158.4375,0.0,0.0,518.5,446.71875,0.0,0.0,231.625,817.03125,0.0,0.0,1
0.0,0.0,323.60493827160496,75.39930555555556,0.0,0.0,505.5,169.21875,0.0,0.0,516.0,454.6875,0.0,0.0,241.5,820.78125,0.0,0.0,1
0.0,0.0,322.21296296296293,75.52083333333333,0.0,0.0,505.0,171.09375,0.0,0.0,510.0,464.53125,0.0,0.0,241.875,823.125,0.0,0.0,1
0.0,0.0,320.820987654321,75.64236111111111,0.0,0.0,486.25,165.0,0.0,0.0,508.0,472.03125,0.0,0.0,239.5,819.375,0.0,0.0,1
0.0,0.0,319.429012345679,75.76388888888889,0.0,0.0,458.25,155.15625,0.0,0.0,511.5,459.375,0.0,0.0,239.25,807.1875,0.0,0.0,1
0.0,0.0,318.03703703703707,75.88541666666667,0.0,0.0,451.0,151.40625,0.0,0.0,511.0,455.859375,0.0,0.0,231.75,805.3125,0.0,0.0,1
0.0,0.0,316.64506172839504,76.00694444444444,0.0,0.0,460.0,152.8125,0.0,0.0,510.25,458.4375,0.0,0.0,235.75,800.15625,0.0,0.0,1
0.0,0.0,315.2530864197531,76.12847222222223,0.0,0.0,465.75,152.8125,0.0,0.0,515.0,454.6875,0.0,0.0,234.375,805.3125,0.0,0.0,1
0.0,0.0,313.8611111111111,76.25,0.0,0.0,457.0,152.34375,0.0,0.0,513.0,455.625,0.0,0.0,242.25,811.40625,0.0,0.0,1
0.0,0.0,312.46913580246917,76.37152777777777,0.0,0.0,476.25,158.90625,0.0,0.0,515.5,453.28125,0.0,0.0,242.375,818.4375,0.0,0.0,1
0.0,0.0,311.07716049382714,76.49305555555556,0.0,0.0,456.25,152.8125,0.0,0.0,518.5,451.40625,0.0,0.0,245.5,815.625,0.0,0.0,1
0.0,0.0,309.6851851851852,76.61458333333333,0.0,0.0,462.75,154.6875,0.0,0.0,521.0,452.34375,0.0,0.0,249.5,822.1875,0.0,0.0,1
0.0,0.0,308.2932098765432,76.73611111111111,0.0,0.0,449.25,150.9375,0.0,0.0,521.5,445.078125,0.0,0.0,236.125,809.0625,0.0,0.0,1
0.0,0.0,306.90123456790127,76.85763888888889,0.0,0.0,436.75,147.1875,0.0,0.0,526.0,437.109375,0.0,0.0,241.75,815.15625,0.0,0.0,1
0.0,0.0,305.50925925925924,76.97916666666667,0.0,0.0,458.25,154.6875,0.0,0.0,521.0,446.71875,0.0,0.0,243.125,812.8125,0.0,0.0,1
0.0,0.0,304.1172839506173,77.10069444444444,0.0,0.0,465.0,157.96875,0.0,0.0,515.0,465.0,0.0,0.0,236.5,806.25,0.0,0.0,1
0.0,0.0,302.7253086419753,77.22222222222223,0.0,0.0,477.0,163.59375,0.0,0.0,514.5,465.0,0.0,0.0,235.375,794.0625,0.0,0.0,1
0.0,0.0,301.3333333333333,77.34375,0.0,0.0,441.75,161.6015625,0.0,0.0,517.5,444.375,0.0,0.0,226.625,806.25,0.0,0.0,1
0.0,0.0,299.94135802469134,77.46527777777777,0.0,0.0,468.0,170.5078125,0.0,0.0,518.0,445.78125,0.0,0.0,236.875,803.4375,0.0,0.0,1
0.0,0.0,298.54938271604937,77.58680555555556,0.0,0.0,492.0,168.75,0.0,0.0,533.5,434.53125,0.0,0.0,233.375,803.4375,0.0,0.0,1
0.0,0.0,297.1574074074074,77.70833333333333,0.0,0.0,511.75,175.78125,0.0,0.0,521.0,449.0625,0.0,0.0,239.625,816.09375,0.0,0.0,1
0.0,0.0,295.7654320987654,77.82986111111111,0.0,0.0,486.0,166.40625,0.0,0.0,524.0,440.390625,0.0,0.0,238.5,811.875,0.0,0.0,1
0.0,0.0,294.37345679012344,77.95138888888889,0.0,0.0,466.75,170.5078125,0.0,0.0,519.0,437.109375,0.0,0.0,237.25,813.75,0.0,0.0,1
0.0,0.0,292.98148148148147,78.07291666666667,0.0,0.0,492.0,180.8203125,0.0,0.0,511.5,447.1875,0.0,0.0,234.875,810.0,0.0,0.0,1
0.0,0.0,291.5895061728395,78.19444444444444,0.0,0.0,505.0,176.71875,0.0,0.0,509.0,459.84375,0.0,0.0,250.625,820.78125,0.0,0.0,1
0.0,0.0,290.1975308641975,78.31597222222223,0.0,0.0,545.0,197.34375,0.0,0.0,505.0,454.21875,0.0,0.0,255.125,839.53125,0.0,0.0,1
0.0,0.0,288.80555555555554,78.4375,0.0,0.0,531.0,208.2421875,0.0,0.0,511.25,429.84375,0.0,0.0,250.0,841.875,0.0,0.0,1
0.0,0.0,287.41358024691357,78.55902777777777,0.0,0.0,540.5,214.3359375,0.0,0.0,504.75,439.921875,0.0,0.0,240.5,839.53125,0.0,0.0,1
0.0,0.0,286.0216049382716,78.68055555555556,0.0,0.0,536.5,210.1171875,0.0,0.0,493.5,450.9375,0.0,0.0,236.875,826.875,0.0,0.0,1
0.0,0.0,284.6296296296296,78.80208333333333,0.0,0.0,508.0,192.7734375,0.0,0.0,494.75,438.515625,0.0,0.0,239.375,824.0625,0.0,0.0,1
0.0,0.0,283.23765432098764,78.92361111111111,0.0,0.0,536.5,203.0859375,0.0,0.0,501.5,438.28125,0.0,0.0,244.0,830.625,0.0,0.0,1
0.0,0.0,281.84567901234567,79.04513888888889,0.0,0.0,534.5,201.4453125,0.0,0.0,506.25,436.40625,0.0,0.0,251.25,831.5625,0.0,0.0,1
0.0,0.0,280.4537037037037,79.16666666666667,0.0,0.0,500.25,190.6640625,0.0,0.0,530.5,391.171875,0.0,0.0,243.875,826.875,0.0,0.0,1
0.0,0.0,279.0617283950617,79.28819444444444,0.0,0.0,431.25,174.9609375,0.0,0.0,581.0,304.21875,0.0,0.0,259.0,831.5625,0.0,0.0,1
0.0,0.0,277.66975308641975,79.40972222222223,0.0,0.0,424.25,182.2265625,0.0,0.0,577.5,285.703125,0.0,0.0,262.75,810.0,0.0,0.0,1
0.0,0.0,276.27777777777777,79.53125,0.0,0.0,507.75,229.5703125,0.0,0.0,577.5,348.75,0.0,0.0,259.75,811.40625,0.0,0.0,1
0.0,0.0,274.8858024691358,79.65277777777777,0.0,0.0,452.5,218.0859375,0.0,0.0,552.0,300.46875,0.0,0.0,269.0,785.625,0.0,0.0,1
0.0,0.0,273.4938271604938,79.77430555555556,0.0,0.0,437.5,225.5859375,0.0,0.0,533.5,320.625,0.0,0.0,249.75,793.59375,0.0,0.0,1
0.0,0.0,272.10185185185185,79.89583333333333,0.0,0.0,397.0,203.5546875,0.0,0.0,441.0,251.015625,0.0,0.0,266.5,774.375,0.0,0.0,1
0.0,0.0,270.7098765432099,80.01736111111111,0.0,0.0,483.0,282.1875,0.0,0.0,425.0,262.03125,0.0,0.0,260.5,811.875,0.0,0.0,1
0.0,0.0,269.3179012345679,80.13888888888889,0.0,0.0,452.75,298.59375,0.0,0.0,463.0,362.34375,0.0,0.0,258.5,795.9375,0.0,0.0,1
0.0,0.0,267.9259259259259,80.26041666666667,0.0,0.0,425.0,317.34375,0.0,0.0,465.5,417.65625,0.0,0.0,243.5,801.5625,0.0,0.0,1
0.0,0.0,266.53395061728395,80.38194444444444,0.0,0.0,428.0,339.375,0.0,0.0,497.75,461.015625,0.0,0.0,253.875,811.875,0.0,0.0,1
0.0,0.0,265.141975308642,80.50347222222223,0.0,0.0,408.0,317.34375,0.0,0.0,519.5,499.6875,0.0,0.0,248.5,804.375,0.0,0.0,1
0.0,0.0,263.75,80.625,0.0,0.0,474.75,446.25,0.0,0.0,505.0,557.34375,0.0,0.0,216.75,835.3125,0.0,0.0,1
0.0,0.0,278.0,84.375,0.0,0.0,472.75,471.796875,0.0,0.0,547.5,555.9375,0.0,0.0,220.375,845.15625,0.0,0.0,1
0.0,0.0,274.5,83.4375,0.0,0.0,458.0,465.0,0.0,0.0,539.0,579.375,0.0,0.0,231.625,837.1875,0.0,0.0,1
0.0,0.0,283.5,75.703125,0.0,0.0,417.5,393.046875,0.0,0.0,517.0,581.71875,0.0,0.0,227.625,810.9375,0.0,0.0,1
0.0,0.0,283.0,93.984375,0.0,0.0,459.75,503.4375,0.0,0.0,523.5,624.84375,0.0,0.0,225.75,847.96875,0.0,0.0,1
0.0,0.0,290.5,103.125,0.0,0.0,451.0,501.5625,0.0,0.0,530.0,664.6875,0.0,0.0,228.75,843.28125,0.0,0.0,1
0.0,0.0,294.5,107.34375,0.0,0.0,428.5,474.609375,0.0,0.0,518.5,673.125,0.0,0.0,231.25,836.25,0.0,0.0,1
0.0,0.0,300.5,116.71875,0.0,0.0,442.5,515.625,0.0,0.0,520.5,718.125,0.0,0.0,235.25,845.15625,0.0,0.0,1
0.0,0.0,305.0,122.6953125,0.0,0.0,439.0,530.625,0.0,0.0,507.0,728.4375,0.0,0.0,233.125,845.625,0.0,0.0,1
0.0,0.0,312.0,129.140625,0.0,0.0,432.75,530.625,0.0,0.0,504.25,757.96875,0.0,0.0,232.125,835.3125,0.0,0.0,1
0.0,0.0,310.0,135.46875,0.0,0.0,435.0,566.25,0.0,0.0,492.25,778.125,0.0,0.0,221.125,855.0,0.0,0.0,1
0.0,0.0,314.75,141.328125,0.0,0.0,434.25,574.6875,0.0,0.0,481.25,792.65625,0.0,0.0,223.75,867.65625,0.0,0.0,1
0.0,0.0,320.0,145.3125,0.0,0.0,429.5,574.6875,0.0,0.0,469.5,797.34375,0.0,0.0,221.125,855.46875,0.0,0.0,1
0.0,0.0,322.75,149.1796875,0.0,0.0,427.0,580.3125,0.0,0.0,468.25,816.09375,0.0,0.0,222.375,857.8125,0.0,0.0,1
0.0,0.0,329.5,153.8671875,0.0,0.0,429.0,588.75,0.0,0.0,461.75,816.5625,0.0,0.0,230.125,851.25,0.0,0.0,1
0.0,0.0,329.25,156.796875,0.0,0.0,425.25,589.21875,0.0,0.0,458.0,818.4375,0.0,0.0,230.125,855.9375,0.0,0.0,1
0.0,0.0,326.5,157.6171875,0.0,0.0,423.25,602.8125,0.0,0.0,454.0,843.28125,0.0,0.0,227.75,862.5,0.0,0.0,1
0.0,0.0,328.75,161.71875,0.0,0.0,422.0,610.3125,0.0,0.0,451.25,855.0,0.0,0.0,229.0,864.375,0.0,0.0,1
0.0,0.0,328.25,161.8359375,0.0,0.0,418.75,599.0625,0.0,0.0,448.5,851.25,0.0,0.0,223.5,856.40625,0.0,0.0,1
0.0,0.0,326.0,163.828125,0.0,0.0,419.75,607.03125,0.0,0.0,448.25,857.34375,0.0,0.0,223.5,861.09375,0.0,0.0,1
0.0,0.0,323.5,164.53125,0.0,0.0,420.5,607.5,0.0,0.0,447.0,862.03125,0.0,0.0,219.125,863.4375,0.0,0.0,1
0.0,0.0,325.0,165.9375,0.0,0.0,420.5,601.875,0.0,0.0,444.25,849.375,0.0,0.0,220.25,860.15625,0.0,0.0,1
0.0,0.0,325.0,167.2265625,0.0,0.0,420.75,602.8125,0.0,0.0,445.0,848.4375,0.0,0.0,220.75,857.8125,0.0,0.0,1
0.0,0.0,324.0,166.40625,0.0,0.0,420.0,607.03125,0.0,0.0,444.5,862.5,0.0,0.0,225.25,863.4375,0.0,0.0,1
0.0,0.0,323.5,167.109375,0.0,0.0,419.5,608.90625,0.0,0.0,444.0,859.6875,0.0,0.0,220.75,870.0,0.0,0.0,1
0.0,0.0,322.0,164.8828125,0.0,0.0,418.5,598.125,0.0,0.0,443.0,843.28125,0.0,0.0,221.75,863.4375,0.0,0.0,1
0.0,0.0,320.5,166.2890625,0.0,0.0,416.5,609.375,0.0,0.0,441.5,862.5,0.0,0.0,216.625,875.625,0.0,0.0,1
0.0,0.0,321.25,163.59375,0.0,0.0,412.0,596.25,0.0,0.0,440.0,855.9375,0.0,0.0,213.25,861.09375,0.0,0.0,1
0.0,0.0,321.75,165.1171875,0.0,0.0,410.25,603.28125,0.0,0.0,442.0,867.65625,0.0,0.0,207.5,871.40625,0.0,0.0,1
0.0,0.0,319.0,165.3515625,0.0,0.0,411.5,611.71875,0.0,0.0,441.5,875.625,0.0,0.0,214.125,881.25,0.0,0.0,1
0.0,0.0,315.5,164.1796875,0.0,0.0,410.5,614.0625,0.0,0.0,441.5,882.65625,0.0,0.0,210.875,881.25,0.0,0.0,1
0.0,0.0,315.5,166.9921875,0.0,0.0,410.75,614.53125,0.0,0.0,438.5,883.125,0.0,0.0,208.875,879.375,0.0,0.0,1
0.0,0.0,315.5,168.046875,0.0,0.0,411.0,616.875,0.0,0.0,439.25,887.34375,0.0,0.0,210.125,884.53125,0.0,0.0,1
